{
  "Folders": [],
  "Images": [
    {
      "Id": "c36a9b51-7dc0-4753-b946-a63de1c7fdb6",
      "Name": "Save as",
      "Screenshot": null,
      "ScreenshotPath": "imageRepo-screenshots\\c151b1f4-c3cf-4a73-9e34-029f111b0489.png"
    },
    {
      "Id": "b7470b5a-657f-4608-922e-085e0e30801a",
      "Name": "Save as 2",
      "Screenshot": null,
      "ScreenshotPath": "imageRepo-screenshots\\8245e8c1-f718-470f-86f1-b80ae2aa7cb3.png"
    },
    {
      "Id": "b3a1bfe4-8478-4d88-a6b9-b1f1fc3c57cd",
      "Name": "Save",
      "Screenshot": null,
      "ScreenshotPath": "imageRepo-screenshots\\d5a5e7fb-01a9-4447-91ac-19f24ccc682b.png"
    }
  ],
  "Version": 1
}