<desktopflowbinary desktopflowbinaryid="f3c4a7b8-5781-4b6a-8160-b84f98c1da48">
  <data mimetype="text/plain">Untitled.txt</data>
  <iscustomizable>1</iscustomizable>
  <metadata>{}</metadata>
  <process>
    <workflowid>5c2229fa-8ed5-426c-b840-c584d3bdaf76</workflowid>
  </process>
  <reference>controlRepo-screenshots\1ef2051f-a8a7-47f5-8be1-919684b72b18.png</reference>
  <statecode>0</statecode>
  <statuscode>1</statuscode>
  <type>ControlRepositoryImageFile</type>
</desktopflowbinary>