<desktopflowbinary desktopflowbinaryid="b95f14a9-4de0-46cf-8643-e7d2685309ac">
  <data mimetype="text/plain">Untitled.txt</data>
  <iscustomizable>1</iscustomizable>
  <metadata>{}</metadata>
  <process>
    <workflowid>bfe9da09-17ca-4c9c-8048-0cbbf4d71ebc</workflowid>
  </process>
  <reference>controlRepo-screenshots\e1b6a934-734c-46c6-aefa-1d2cfe002db6.png</reference>
  <statecode>0</statecode>
  <statuscode>1</statuscode>
  <type>ControlRepositoryImageFile</type>
</desktopflowbinary>