<desktopflowbinary desktopflowbinaryid="1eb14016-77e5-496c-97b6-09a6bd5d7502">
  <data mimetype="text/plain">Untitled.txt</data>
  <iscustomizable>1</iscustomizable>
  <metadata>{}</metadata>
  <process>
    <workflowid>5c2229fa-8ed5-426c-b840-c584d3bdaf76</workflowid>
  </process>
  <reference>controlRepo-screenshots\75accfb3-583d-4374-a4f5-373797bc55e4.png</reference>
  <statecode>0</statecode>
  <statuscode>1</statuscode>
  <type>ControlRepositoryImageFile</type>
</desktopflowbinary>