<desktopflowbinary desktopflowbinaryid="eedb3a8a-63f7-4a14-ab25-dc7cc4946a97">
  <data mimetype="application/json">ControlRepository_a1b65313-0a0d-4e02-b0f1-0e6a05dc8f28.json</data>
  <iscustomizable>1</iscustomizable>
  <metadata>{}</metadata>
  <process>
    <workflowid>5c2229fa-8ed5-426c-b840-c584d3bdaf76</workflowid>
  </process>
  <reference>controlRepo.appmask</reference>
  <statecode>0</statecode>
  <statuscode>1</statuscode>
  <type>ControlRepository</type>
</desktopflowbinary>