<desktopflowbinary desktopflowbinaryid="ac938dcd-0fce-4b9c-a0be-1e26631d93a7">
  <data mimetype="text/plain">Untitled.txt</data>
  <iscustomizable>1</iscustomizable>
  <metadata>{}</metadata>
  <process>
    <workflowid>5c2229fa-8ed5-426c-b840-c584d3bdaf76</workflowid>
  </process>
  <reference>controlRepo-screenshots\022b206f-d00a-465d-9dc6-a028da85aab9.png</reference>
  <statecode>0</statecode>
  <statuscode>1</statuscode>
  <type>ControlRepositoryImageFile</type>
</desktopflowbinary>