<desktopflowbinary desktopflowbinaryid="dd220260-a44d-43db-b37f-a7aec2a459f3">
  <data mimetype="text/plain">Untitled.txt</data>
  <iscustomizable>1</iscustomizable>
  <metadata>{}</metadata>
  <process>
    <workflowid>bfe9da09-17ca-4c9c-8048-0cbbf4d71ebc</workflowid>
  </process>
  <reference>controlRepo-screenshots\bb11fb59-2132-49d2-8b1a-95a1e633041a.png</reference>
  <statecode>0</statecode>
  <statuscode>1</statuscode>
  <type>ControlRepositoryImageFile</type>
</desktopflowbinary>