<desktopflowbinary desktopflowbinaryid="e5763ac0-a09b-4892-940b-397f286a4cf8">
  <data mimetype="text/plain">Untitled.txt</data>
  <iscustomizable>1</iscustomizable>
  <metadata>{}</metadata>
  <process>
    <workflowid>5c2229fa-8ed5-426c-b840-c584d3bdaf76</workflowid>
  </process>
  <reference>controlRepo-screenshots\a49f9ea7-5c7a-41b2-8c21-c8ce29de56ca.png</reference>
  <statecode>0</statecode>
  <statuscode>1</statuscode>
  <type>ControlRepositoryImageFile</type>
</desktopflowbinary>