<desktopflowbinary desktopflowbinaryid="9fa175c8-b9c0-450f-96e6-4c3b4aa2a77b">
  <data mimetype="text/plain">Untitled.txt</data>
  <iscustomizable>1</iscustomizable>
  <metadata>{}</metadata>
  <process>
    <workflowid>bfe9da09-17ca-4c9c-8048-0cbbf4d71ebc</workflowid>
  </process>
  <reference>controlRepo-screenshots\27995421-0173-401d-93bc-85420b4f661b.png</reference>
  <statecode>0</statecode>
  <statuscode>1</statuscode>
  <type>ControlRepositoryImageFile</type>
</desktopflowbinary>