<desktopflowbinary desktopflowbinaryid="290cd966-fe03-4571-bfb3-836d4dafcb05">
  <data mimetype="text/plain">Untitled.txt</data>
  <iscustomizable>1</iscustomizable>
  <metadata>{}</metadata>
  <process>
    <workflowid>bfe9da09-17ca-4c9c-8048-0cbbf4d71ebc</workflowid>
  </process>
  <reference>controlRepo-screenshots\f6bfe18c-e902-4ad1-a40a-28a346985174.png</reference>
  <statecode>0</statecode>
  <statuscode>1</statuscode>
  <type>ControlRepositoryImageFile</type>
</desktopflowbinary>