<desktopflowbinary desktopflowbinaryid="57f90212-17f2-40d5-81ec-820dadee4bab">
  <data mimetype="text/plain">Untitled.txt</data>
  <iscustomizable>1</iscustomizable>
  <metadata>{}</metadata>
  <process>
    <workflowid>bfe9da09-17ca-4c9c-8048-0cbbf4d71ebc</workflowid>
  </process>
  <reference>controlRepo-screenshots\e41da920-ee4a-481e-87c5-3bb368c3f284.png</reference>
  <statecode>0</statecode>
  <statuscode>1</statuscode>
  <type>ControlRepositoryImageFile</type>
</desktopflowbinary>